/* Master Region Data*/
INSERT INTO `bbqn`.`regions` (`RegionID`, `RegionName`, `LastModifiedBy`, `LastModifiedDate`) VALUES ('1', 'CENTRAL', '1', '2022-10-28 11:34:44');
INSERT INTO `bbqn`.`regions` (`RegionID`, `RegionName`, `LastModifiedBy`, `LastModifiedDate`) VALUES ('2', 'HO', '1', '2022-10-28 11:34:44');
INSERT INTO `bbqn`.`regions` (`RegionID`, `RegionName`, `LastModifiedBy`, `LastModifiedDate`) VALUES ('3', 'SOUTH' , '1', '2022-10-28 11:34:44');
INSERT INTO `bbqn`.`regions` (`RegionID`, `RegionName`, `LastModifiedBy`, `LastModifiedDate`) VALUES ('4', 'NORTH', '1', '2022-10-28 11:34:44');

/*Master Outlet Data*/
INSERT INTO `bbqn`.`outlets` (`OutletID`, `OutletName`, `RegionID`, `LastModifiedBy`, `LastModifiedDate`) VALUES ('1', 'AGRA-COSMOS MALL', '4', '1', '2022-10-28 11:34:44');
INSERT INTO `bbqn`.`outlets` (`OutletID`, `OutletName`, `RegionID`, `LastModifiedBy`, `LastModifiedDate`) VALUES ('2', 'AHMEDABAD-SARAL XPERIA MALL', '1', '1', '2022-10-28 11:34:44');
INSERT INTO `bbqn`.`outlets` (`OutletID`, `OutletName`, `RegionID`, `LastModifiedBy`, `LastModifiedDate`) VALUES ('3', 'AHMEDABAD-SATYA ONE', '1', '1', '2022-10-28 11:34:44');
INSERT INTO `bbqn`.`outlets` (`OutletID`, `OutletName`, `RegionID`, `LastModifiedBy`, `LastModifiedDate`) VALUES ('4', 'ANAND-MARUTI SOLARIS', '1', '1', '2022-10-28 11:34:44');
INSERT INTO `bbqn`.`outlets` (`OutletID`, `OutletName`, `RegionID`, `LastModifiedBy`, `LastModifiedDate`) VALUES ('5', 'BARODA-CINE MALL', '1', '1', '2022-10-28 11:34:44');
INSERT INTO `bbqn`.`outlets` (`OutletID`, `OutletName`, `RegionID`, `LastModifiedBy`, `LastModifiedDate`) VALUES ('6', 'BLR-CORPORATE', '2', '1', '2022-10-28 11:34:44');
INSERT INTO `bbqn`.`outlets` (`OutletID`, `OutletName`, `RegionID`, `LastModifiedBy`, `LastModifiedDate`) VALUES ('7', 'BLR-JP NAGAR', '3', '1', '2022-10-28 11:34:44');
INSERT INTO `bbqn`.`outlets` (`OutletID`, `OutletName`, `RegionID`, `LastModifiedBy`, `LastModifiedDate`) VALUES ('8', 'DEL-RAJOURI GARDEN', '4', '1', '2022-10-28 11:34:44');
INSERT INTO `bbqn`.`outlets` (`OutletID`, `OutletName`, `RegionID`, `LastModifiedBy`, `LastModifiedDate`) VALUES ('9', 'DIMAPUR-DHOBINALLA RD', '1', '1', '2022-10-28 11:34:44');
INSERT INTO `bbqn`.`outlets` (`OutletID`, `OutletName`, `RegionID`, `LastModifiedBy`, `LastModifiedDate`) VALUES ('10', 'DUR-CITY CENTER', '1', '1', '2022-10-28 11:34:44');
INSERT INTO `bbqn`.`outlets` (`OutletID`, `OutletName`, `RegionID`, `LastModifiedBy`, `LastModifiedDate`) VALUES ('11', 'GR NOIDA-SEC BETA 2', '4', '1', '2022-10-28 11:34:44');
INSERT INTO `bbqn`.`outlets` (`OutletID`, `OutletName`, `RegionID`, `LastModifiedBy`, `LastModifiedDate`) VALUES ('12', 'GURGAON-M3M IFC', '4', '1', '2022-10-28 11:34:44');
INSERT INTO `bbqn`.`outlets` (`OutletID`, `OutletName`, `RegionID`, `LastModifiedBy`, `LastModifiedDate`) VALUES ('13', 'GUWAHATI-UDESHNA GUWAHATI', '1', '1', '2022-10-28 11:34:44');
INSERT INTO `bbqn`.`outlets` (`OutletID`, `OutletName`, `RegionID`, `LastModifiedBy`, `LastModifiedDate`) VALUES ('14', 'HYD-ABIDS', '3', '1', '2022-10-28 11:34:44');
INSERT INTO `bbqn`.`outlets` (`OutletID`, `OutletName`, `RegionID`, `LastModifiedBy`, `LastModifiedDate`) VALUES ('15', 'HYD-GACHIBOWLI', '3', '1', '2022-10-28 11:34:44');
INSERT INTO `bbqn`.`outlets` (`OutletID`, `OutletName`, `RegionID`, `LastModifiedBy`, `LastModifiedDate`) VALUES ('16', 'HYD-JUBLI HILL ALCAZAR', '3', '1', '2022-10-28 11:34:44');
INSERT INTO `bbqn`.`outlets` (`OutletID`, `OutletName`, `RegionID`, `LastModifiedBy`, `LastModifiedDate`) VALUES ('17', 'HYD-KOTHAPET', '3', '1', '2022-10-28 11:34:44');
INSERT INTO `bbqn`.`outlets` (`OutletID`, `OutletName`, `RegionID`, `LastModifiedBy`, `LastModifiedDate`) VALUES ('18', 'LUDHIANA-FEROZPUR RD', '4', '1', '2022-10-28 11:34:44');
INSERT INTO `bbqn`.`outlets` (`OutletID`, `OutletName`, `RegionID`, `LastModifiedBy`, `LastModifiedDate`) VALUES ('19', 'MUM-HILL ROAD', '1', '1', '2022-10-28 11:34:44');
INSERT INTO `bbqn`.`outlets` (`OutletID`, `OutletName`, `RegionID`, `LastModifiedBy`, `LastModifiedDate`) VALUES ('20', 'MUM-MAHAPE', '1', '1', '2022-10-28 11:34:44');
INSERT INTO `bbqn`.`outlets` (`OutletID`, `OutletName`, `RegionID`, `LastModifiedBy`, `LastModifiedDate`) VALUES ('21', 'PATNA-BAILEY ROAD', '1', '1', '2022-10-28 11:34:44');
INSERT INTO `bbqn`.`outlets` (`OutletID`, `OutletName`, `RegionID`, `LastModifiedBy`, `LastModifiedDate`) VALUES ('22', 'TOSCANO KORAMANGALA', '3', '1', '2022-10-28 11:34:44');
INSERT INTO `bbqn`.`outlets` (`OutletID`, `OutletName`, `RegionID`, `LastModifiedBy`, `LastModifiedDate`) VALUES ('23', 'TOSCANO MUSEUM ROAD', '3', '1', '2022-10-28 11:34:44');
INSERT INTO `bbqn`.`outlets` (`OutletID`, `OutletName`, `RegionID`, `LastModifiedBy`, `LastModifiedDate`) VALUES ('24', 'TOSCANO PUNE', '1', '1', '2022-10-28 11:34:44');
INSERT INTO `bbqn`.`outlets` (`OutletID`, `OutletName`, `RegionID`, `LastModifiedBy`, `LastModifiedDate`) VALUES ('25', 'TRICHY-REYNOLDS RD', '3', '1', '2022-10-28 11:34:44');
INSERT INTO `bbqn`.`outlets` (`OutletID`, `OutletName`, `RegionID`, `LastModifiedBy`, `LastModifiedDate`) VALUES ('26', 'WB-KOLKATA TRAINING CENTRE', '2', '1', '2022-10-28 11:34:44');
INSERT INTO `bbqn`.`outlets` (`OutletID`, `OutletName`, `RegionID`, `LastModifiedBy`, `LastModifiedDate`) VALUES ('27', 'TOSCANO UB CITY', '3', '1', now());

/* Master User Role Data */
INSERT INTO `bbqn`.`userrole` (`RoleID`, `RoleName`, `Description`, `LastModifiedBy`, `LastModifiedDate`) VALUES ('21302', 'Business Manager', 'Business Manager', '1', '2022-10-28 11:34:44');
INSERT INTO `bbqn`.`userrole` (`RoleID`, `RoleName`, `Description`, `LastModifiedBy`, `LastModifiedDate`) VALUES ('21429', 'Cuisine Chef', 'Cuisine Chef', '1', '2022-10-28 11:34:44');
INSERT INTO `bbqn`.`userrole` (`RoleID`, `RoleName`, `Description`, `LastModifiedBy`, `LastModifiedDate`) VALUES ('21430', 'Restaurant Service Manager', 'Restaurant Service Manager', '1', '2022-10-28 11:34:44');
INSERT INTO `bbqn`.`userrole` (`RoleID`, `RoleName`, `Description`, `LastModifiedBy`, `LastModifiedDate`) VALUES ('21431', 'Captain', 'Captain', '1', '2022-10-28 11:34:44');
INSERT INTO `bbqn`.`userrole` (`RoleID`, `RoleName`, `Description`, `LastModifiedBy`, `LastModifiedDate`) VALUES ('21432', 'Executive Chef', 'Executive Chef', '1', '2022-10-28 11:34:44');
INSERT INTO `bbqn`.`userrole` (`RoleID`, `RoleName`, `Description`, `LastModifiedBy`, `LastModifiedDate`) VALUES ('21446', 'Concierge', 'Concierge', '1', '2022-10-28 11:34:44');
INSERT INTO `bbqn`.`userrole` (`RoleID`, `RoleName`, `Description`, `LastModifiedBy`, `LastModifiedDate`) VALUES ('21448', 'Sr. Range Chef', 'Sr. Range Chef', '1', '2022-10-28 11:34:44');
INSERT INTO `bbqn`.`userrole` (`RoleID`, `RoleName`, `Description`, `LastModifiedBy`, `LastModifiedDate`) VALUES ('21452', 'Sr. Guest Service Associate', 'Sr. Guest Service Associate', '1', '2022-10-28 11:34:44');
INSERT INTO `bbqn`.`userrole` (`RoleID`, `RoleName`, `Description`, `LastModifiedBy`, `LastModifiedDate`) VALUES ('21453', 'Delivery Boy', 'Delivery Boy', '1', '2022-10-28 11:34:44');
INSERT INTO `bbqn`.`userrole` (`RoleID`, `RoleName`, `Description`, `LastModifiedBy`, `LastModifiedDate`) VALUES ('21465', 'Software Development', 'Software Development', '1', '2022-10-28 11:34:44');
INSERT INTO `bbqn`.`userrole` (`RoleID`, `RoleName`, `Description`, `LastModifiedBy`, `LastModifiedDate`) VALUES ('21466', 'Regional IT Support', 'Regional IT Support', '1', '2022-10-28 11:34:44');
INSERT INTO `bbqn`.`userrole` (`RoleID`, `RoleName`, `Description`, `LastModifiedBy`, `LastModifiedDate`) VALUES ('21471', 'Housekeeping', 'Housekeeping', '1', '2022-10-28 11:34:44');
INSERT INTO `bbqn`.`userrole` (`RoleID`, `RoleName`, `Description`, `LastModifiedBy`, `LastModifiedDate`) VALUES ('21500', 'Guest Service Associate', 'Guest Service Associate', '1', '2022-10-28 11:34:44');
INSERT INTO `bbqn`.`userrole` (`RoleID`, `RoleName`, `Description`, `LastModifiedBy`, `LastModifiedDate`) VALUES ('21501', 'Range Chef', 'Range Chef', '1', '2022-10-28 11:34:44');
INSERT INTO `bbqn`.`userrole` (`RoleID`, `RoleName`, `Description`, `LastModifiedBy`, `LastModifiedDate`) VALUES ('21542', 'Senior Steward', 'Senior Steward', '1', '2022-10-28 11:34:44');
INSERT INTO `bbqn`.`userrole` (`RoleID`, `RoleName`, `Description`, `LastModifiedBy`, `LastModifiedDate`) VALUES ('21551', 'Steward', 'Steward', '1', '2022-10-28 11:34:44');

/*MasterData Grade*/
INSERT INTO `bbqn`.`grade` (`GradeID`, `GradeCode`, `GradeDescription`, `LastModifiedBy`, `LastModifiedDate`) VALUES ('1', 'L-1', 'L-1', '1', '2022-10-28 11:34:44');
INSERT INTO `bbqn`.`grade` (`GradeID`, `GradeCode`, `GradeDescription`, `LastModifiedBy`, `LastModifiedDate`) VALUES ('2', 'L-2', 'L-2', '1', '2022-10-28 11:34:44');
INSERT INTO `bbqn`.`grade` (`GradeID`, `GradeCode`, `GradeDescription`, `LastModifiedBy`, `LastModifiedDate`) VALUES ('3', 'L-3', 'L-3', '1', '2022-10-28 11:34:44');
INSERT INTO `bbqn`.`grade` (`GradeID`, `GradeCode`, `GradeDescription`, `LastModifiedBy`, `LastModifiedDate`) VALUES ('4', 'L-4', 'L-4', '1', '2022-10-28 11:34:44');
INSERT INTO `bbqn`.`grade` (`GradeID`, `GradeCode`, `GradeDescription`, `LastModifiedBy`, `LastModifiedDate`) VALUES ('5', 'L-5', 'L-5', '1', '2022-10-28 11:34:44');
INSERT INTO `bbqn`.`grade` (`GradeID`, `GradeCode`, `GradeDescription`, `LastModifiedBy`, `LastModifiedDate`) VALUES ('6', 'L-5T', 'L-5T', '1', '2022-10-28 11:34:44');
INSERT INTO `bbqn`.`grade` (`GradeID`, `GradeCode`, `GradeDescription`, `LastModifiedBy`, `LastModifiedDate`) VALUES ('7', 'L-7T', 'L-7T', '1', '2022-10-28 11:34:44');

/*MasterData Department*/
INSERT INTO `bbqn`.`departments` (`DepartmentID`, `DepartmentName`, `DepartmentDescription`, `LastModifiedBy`, `LastModifiedDate`) VALUES ('1', 'F and B Service', 'F and B Servicey', '1', '2022-10-28 11:34:44');
INSERT INTO `bbqn`.`departments` (`DepartmentID`, `DepartmentName`, `DepartmentDescription`, `LastModifiedBy`, `LastModifiedDate`) VALUES ('2', 'FRONT OFFICE', 'FRONT OFFICE', '1', '2022-10-28 11:34:44');
INSERT INTO `bbqn`.`departments` (`DepartmentID`, `DepartmentName`, `DepartmentDescription`, `LastModifiedBy`, `LastModifiedDate`) VALUES ('3', 'Housekeeping', 'Housekeeping', '1', '2022-10-28 11:34:44');
INSERT INTO `bbqn`.`departments` (`DepartmentID`, `DepartmentName`, `DepartmentDescription`, `LastModifiedBy`, `LastModifiedDate`) VALUES ('4', 'Information Technology', 'Information Technology', '1', '2022-10-28 11:34:44');
INSERT INTO `bbqn`.`departments` (`DepartmentID`, `DepartmentName`, `DepartmentDescription`, `LastModifiedBy`, `LastModifiedDate`) VALUES ('5', 'Operations', 'Operations', '1', '2022-10-28 11:34:44');
INSERT INTO `bbqn`.`departments` (`DepartmentID`, `DepartmentName`, `DepartmentDescription`, `LastModifiedBy`, `LastModifiedDate`) VALUES ('6', 'PRODUCTION', 'PRODUCTION', '1', '2022-10-28 11:34:44');

/*MasterData SubDepartment*/
INSERT INTO `bbqn`.`subdepartments` (`SubDepartmentID`, `SubDepartmentName`, `SubDepartmentDescription`, `DepartmentID`, `LastModifiedBy`, `LastModifiedDate`) VALUES ('1', 'FOOD SERVICES', 'FOOD SERVICES', '1', '1', '2022-10-28 11:34:44');	

/*MasterData Company*/
INSERT INTO `bbqn`.`company` (`CompanyID`, `CompanyName`, `CompanyDescription`, `LastModifiedBy`, `LastModifiedDate`) VALUES ('1', 'BARBEQUE NATION HOSPITALITY LTD', 'BARBEQUE NATION HOSPITALITY LTD', '1', '2022-10-28 11:34:44');
INSERT INTO `bbqn`.`company` (`CompanyID`, `CompanyName`, `CompanyDescription`, `LastModifiedBy`, `LastModifiedDate`) VALUES ('2', 'Red Apple Kitchen Consultancy Pvt. Ltd', 'Red Apple Kitchen Consultancy Pvt. Ltd', '1', '2022-10-28 11:34:44');

/*MasterData Employee Category*/
INSERT INTO `bbqn`.`employeecategory` (`EmployeeCategoryID`, `Name`, `Description`, `LastModifiedBy`, `LastModifiedDate`) VALUES ('1', 'COMPANY ROLE', 'COMPANY ROLE', '1', '2022-10-28 11:34:44');

/*MasterData Priviledges*/
INSERT INTO `bbqn`.`privileges` (`PrivilegeID`, `PrivilegeUniqueKey`, `Description`, `LastModifiedBy`, `LastModifiedDate`) VALUES ('1', 'LTA-1', 'Login to App (with Employee Code & OTP)', '1', now());
INSERT INTO `bbqn`.`privileges` (`PrivilegeID`, `PrivilegeUniqueKey`, `Description`, `LastModifiedBy`, `LastModifiedDate`) VALUES ('2', 'VAPOHS-2', 'View all Posts on Home Screen', '1', now());
INSERT INTO `bbqn`.`privileges` (`PrivilegeID`, `PrivilegeUniqueKey`, `Description`, `LastModifiedBy`, `LastModifiedDate`) VALUES ('3', 'CP-3', 'Create Post', '1', now());
INSERT INTO `bbqn`.`privileges` (`PrivilegeID`, `PrivilegeUniqueKey`, `Description`, `LastModifiedBy`, `LastModifiedDate`) VALUES ('4', 'PPTAEs-4', 'Publish Post to All Employees', '1', now());
INSERT INTO `bbqn`.`privileges` (`PrivilegeID`, `PrivilegeUniqueKey`, `Description`, `LastModifiedBy`, `LastModifiedDate`) VALUES ('5', 'PPTGs-5', 'Publish Post to Groups', '1', now());
INSERT INTO `bbqn`.`privileges` (`PrivilegeID`, `PrivilegeUniqueKey`, `Description`, `LastModifiedBy`, `LastModifiedDate`) VALUES ('6', 'PUA-6', 'Publish using Attributes', '1', now());
INSERT INTO `bbqn`.`privileges` (`PrivilegeID`, `PrivilegeUniqueKey`, `Description`, `LastModifiedBy`, `LastModifiedDate`) VALUES ('7', 'PUF-7', 'Publish using Filters', '1', now());
INSERT INTO `bbqn`.`privileges` (`PrivilegeID`, `PrivilegeUniqueKey`, `Description`, `LastModifiedBy`, `LastModifiedDate`) VALUES ('8', 'DCWP-8', 'Disable Comments while Posting', '1', now());
INSERT INTO `bbqn`.`privileges` (`PrivilegeID`, `PrivilegeUniqueKey`, `Description`, `LastModifiedBy`, `LastModifiedDate`) VALUES ('9', 'LP-9', 'Like Post', '1', now());
INSERT INTO `bbqn`.`privileges` (`PrivilegeID`, `PrivilegeUniqueKey`, `Description`, `LastModifiedBy`, `LastModifiedDate`) VALUES ('10', 'CONP-10', 'Comment on Post', '1', now());
INSERT INTO `bbqn`.`privileges` (`PrivilegeID`, `PrivilegeUniqueKey`, `Description`, `LastModifiedBy`, `LastModifiedDate`) VALUES ('11', 'EOWNP-11', 'Edit Own Post', '1', now());
INSERT INTO `bbqn`.`privileges` (`PrivilegeID`, `PrivilegeUniqueKey`, `Description`, `LastModifiedBy`, `LastModifiedDate`) VALUES ('12', 'DOWNP-12', 'Delete Own Post', '1', now());
INSERT INTO `bbqn`.`privileges` (`PrivilegeID`, `PrivilegeUniqueKey`, `Description`, `LastModifiedBy`, `LastModifiedDate`) VALUES ('13', 'VOWNP-13', 'View Own Profile', '1', now());
INSERT INTO `bbqn`.`privileges` (`PrivilegeID`, `PrivilegeUniqueKey`, `Description`, `LastModifiedBy`, `LastModifiedDate`) VALUES ('14', 'VOP-14', 'View Other Profiles', '1', now());
INSERT INTO `bbqn`.`privileges` (`PrivilegeID`, `PrivilegeUniqueKey`, `Description`, `LastModifiedBy`, `LastModifiedDate`) VALUES ('15', 'SP-15', 'Share Post', '1', now());
INSERT INTO `bbqn`.`privileges` (`PrivilegeID`, `PrivilegeUniqueKey`, `Description`, `LastModifiedBy`, `LastModifiedDate`) VALUES ('16', 'ROP-16', 'Report Objectionable Post', '1', now());
INSERT INTO `bbqn`.`privileges` (`PrivilegeID`, `PrivilegeUniqueKey`, `Description`, `LastModifiedBy`, `LastModifiedDate`) VALUES ('17', 'DOP-17', 'Delete Objectionable Post', '1', now());
INSERT INTO `bbqn`.`privileges` (`PrivilegeID`, `PrivilegeUniqueKey`, `Description`, `LastModifiedBy`, `LastModifiedDate`) VALUES ('18', 'CING-18', 'Chat in Groups(Post,Like,Comment,Report)', '1', now());
INSERT INTO `bbqn`.`privileges` (`PrivilegeID`, `PrivilegeUniqueKey`, `Description`, `LastModifiedBy`, `LastModifiedDate`) VALUES ('19', 'CI-19', 'Chat Individually(MuteChat/DeleteChat/ClearChat)', '1', now());
INSERT INTO `bbqn`.`privileges` (`PrivilegeID`, `PrivilegeUniqueKey`, `Description`, `LastModifiedBy`, `LastModifiedDate`) VALUES ('20', 'CGFAEUES-20', 'Create Groups for active employees using Employee Search', '1', now());
INSERT INTO `bbqn`.`privileges` (`PrivilegeID`, `PrivilegeUniqueKey`, `Description`, `LastModifiedBy`, `LastModifiedDate`) VALUES ('21', 'CGFAEUF-21', 'Create Groups for active employees using filters', '1', now());
INSERT INTO `bbqn`.`privileges` (`PrivilegeID`, `PrivilegeUniqueKey`, `Description`, `LastModifiedBy`, `LastModifiedDate`) VALUES ('22', 'CGFAEUA-22', 'Create Groups for active employees using attributes (Auto-Enrol On/Off)', '1', now());
INSERT INTO `bbqn`.`privileges` (`PrivilegeID`, `PrivilegeUniqueKey`, `Description`, `LastModifiedBy`, `LastModifiedDate`) VALUES ('23', 'CGFEE-23', 'Create Groups for Ex- Employees', '1', now());
INSERT INTO `bbqn`.`privileges` (`PrivilegeID`, `PrivilegeUniqueKey`, `Description`, `LastModifiedBy`, `LastModifiedDate`) VALUES ('24', 'EG-24', 'Edit Groups', '1', now());
INSERT INTO `bbqn`.`privileges` (`PrivilegeID`, `PrivilegeUniqueKey`, `Description`, `LastModifiedBy`, `LastModifiedDate`) VALUES ('25', 'DG-25', 'Delete Groups', '1', now());
INSERT INTO `bbqn`.`privileges` (`PrivilegeID`, `PrivilegeUniqueKey`, `Description`, `LastModifiedBy`, `LastModifiedDate`) VALUES ('26', 'ARFG-26', 'Add/Remove Users from Group', '1', now());
INSERT INTO `bbqn`.`privileges` (`PrivilegeID`, `PrivilegeUniqueKey`, `Description`, `LastModifiedBy`, `LastModifiedDate`) VALUES ('27', 'REQPOLL-27', 'Request for Poll', '1', now());
INSERT INTO `bbqn`.`privileges` (`PrivilegeID`, `PrivilegeUniqueKey`, `Description`, `LastModifiedBy`, `LastModifiedDate`) VALUES ('28', 'REQPOLL-27', 'Respond to Poll', '1', now());
INSERT INTO `bbqn`.`privileges` (`PrivilegeID`, `PrivilegeUniqueKey`, `Description`, `LastModifiedBy`, `LastModifiedDate`) VALUES ('29', 'GN-29', 'Get Notifications', '1', now());
INSERT INTO `bbqn`.`privileges` (`PrivilegeID`, `PrivilegeUniqueKey`, `Description`, `LastModifiedBy`, `LastModifiedDate`) VALUES ('30', 'BEFL-30', 'Block employees from Login', '1', now());
INSERT INTO `bbqn`.`privileges` (`PrivilegeID`, `PrivilegeUniqueKey`, `Description`, `LastModifiedBy`, `LastModifiedDate`) VALUES ('31', 'SAE-31', 'Search all employees', '1', now());
INSERT INTO `bbqn`.`privileges` (`PrivilegeID`, `PrivilegeUniqueKey`, `Description`, `LastModifiedBy`, `LastModifiedDate`) VALUES ('32', 'VAUSR-32', 'View all users', '1', now());
INSERT INTO `bbqn`.`privileges` (`PrivilegeID`, `PrivilegeUniqueKey`, `Description`, `LastModifiedBy`, `LastModifiedDate`) VALUES ('33', 'PS-33', 'Post Settings (Priority Notifications,NO.of days,Like Needed,Comment Needed)', '1', now());
INSERT INTO `bbqn`.`privileges` (`PrivilegeID`, `PrivilegeUniqueKey`, `Description`, `LastModifiedBy`, `LastModifiedDate`) VALUES ('34', 'POSTM-34', 'Post Management (View,Delete post of other employees)', '1', now());
INSERT INTO `bbqn`.`privileges` (`PrivilegeID`, `PrivilegeUniqueKey`, `Description`, `LastModifiedBy`, `LastModifiedDate`) VALUES ('35', 'POLLM-35', 'Poll Management (View, Delete polls)', '1', now());
INSERT INTO `bbqn`.`privileges` (`PrivilegeID`, `PrivilegeUniqueKey`, `Description`, `LastModifiedBy`, `LastModifiedDate`) VALUES ('36', 'GA-36', 'Google Analytics', '1', now());
INSERT INTO `bbqn`.`privileges` (`PrivilegeID`, `PrivilegeUniqueKey`, `Description`, `LastModifiedBy`, `LastModifiedDate`) VALUES ('37', 'AEXEG-37', 'Access ex-employee groups', '1', now());
INSERT INTO `bbqn`.`privileges` (`PrivilegeID`, `PrivilegeUniqueKey`, `Description`, `LastModifiedBy`, `LastModifiedDate`) VALUES ('38', 'WC-38', 'Web Chat', '1', now());
INSERT INTO `bbqn`.`privileges` (`PrivilegeID`, `PrivilegeUniqueKey`, `Description`, `LastModifiedBy`, `LastModifiedDate`) VALUES ('39', 'AP-39', 'Admin Portal', '1', now());
INSERT INTO `bbqn`.`privileges` (`PrivilegeID`, `PrivilegeUniqueKey`, `Description`, `LastModifiedBy`, `LastModifiedDate`) VALUES ('40', 'SAP-40', 'Superadmin Portal', '1', now());
INSERT INTO `bbqn`.`privileges` (`PrivilegeID`, `PrivilegeUniqueKey`, `Description`, `LastModifiedBy`, `LastModifiedDate`) VALUES ('41', 'BD-41', 'BBQN Drawer', '1', now());
INSERT INTO `bbqn`.`privileges` (`PrivilegeID`, `PrivilegeUniqueKey`, `Description`, `LastModifiedBy`, `LastModifiedDate`) VALUES ('42', 'TP-42', 'Tag Post', '1', now());
INSERT INTO `bbqn`.`privileges` (`PrivilegeID`, `PrivilegeUniqueKey`, `Description`, `LastModifiedBy`, `LastModifiedDate`) VALUES ('43', 'EFCG-43', 'Exit from Custom Groups', '1', now());
INSERT INTO `bbqn`.`privileges` (`PrivilegeID`, `PrivilegeUniqueKey`, `Description`, `LastModifiedBy`, `LastModifiedDate`) VALUES ('44', 'EFAEG-44', 'Exit from Auto-Enrolled Groups', '1', now());
INSERT INTO `bbqn`.`privileges` (`PrivilegeID`, `PrivilegeUniqueKey`, `Description`, `LastModifiedBy`, `LastModifiedDate`) VALUES ('45', 'VEWP-45', 'View Entity wise Posts', '1', now());
INSERT INTO `bbqn`.`privileges` (`PrivilegeID`, `PrivilegeUniqueKey`, `Description`, `LastModifiedBy`, `LastModifiedDate`) VALUES ('46', 'TSS-46', 'Take Screenshots/Print Screen', '1', now());
INSERT INTO `bbqn`.`privileges` (`PrivilegeID`, `PrivilegeUniqueKey`, `Description`, `LastModifiedBy`, `LastModifiedDate`) VALUES ('47', 'SPL-47', 'Set Preferred Language', '1', now());
INSERT INTO `bbqn`.`privileges` (`PrivilegeID`, `PrivilegeUniqueKey`, `Description`, `LastModifiedBy`, `LastModifiedDate`) VALUES ('48', 'CA-48', 'Create Admins', '1', now());
INSERT INTO `bbqn`.`privileges` (`PrivilegeID`, `PrivilegeUniqueKey`, `Description`, `LastModifiedBy`, `LastModifiedDate`) VALUES ('49', 'RA-49', 'Remove Admins', '1', now());
INSERT INTO `bbqn`.`privileges` (`PrivilegeID`, `PrivilegeUniqueKey`, `Description`, `LastModifiedBy`, `LastModifiedDate`) VALUES ('50', 'PRTA-50', 'Privilege Rights to Adminst', '1', now());
INSERT INTO `bbqn`.`privileges` (`PrivilegeID`, `PrivilegeUniqueKey`, `Description`, `LastModifiedBy`, `LastModifiedDate`) VALUES ('51', 'PRTOUSR-51', 'Privilege Rights to Other Users', '1', now());



